-- phpMyAdmin SQL Dump
-- version 3.2.4
-- http://www.phpmyadmin.net
--
-- Host: localhost
-- Generation Time: Oct 06, 2014 at 11:34 AM
-- Server version: 5.1.44
-- PHP Version: 5.3.1

SET SQL_MODE="NO_AUTO_VALUE_ON_ZERO";


/*!40101 SET @OLD_CHARACTER_SET_CLIENT=@@CHARACTER_SET_CLIENT */;
/*!40101 SET @OLD_CHARACTER_SET_RESULTS=@@CHARACTER_SET_RESULTS */;
/*!40101 SET @OLD_COLLATION_CONNECTION=@@COLLATION_CONNECTION */;
/*!40101 SET NAMES utf8 */;

--
-- Database: `tb_estatistica`
--

-- --------------------------------------------------------

--
-- Table structure for table `tb_campeonato`
--

CREATE TABLE IF NOT EXISTS `tb_campeonato` (
  `id` int(11) NOT NULL AUTO_INCREMENT,
  `nome` varchar(60) NOT NULL,
  `rodada` int(11) NOT NULL,
  `pais` varchar(20) NOT NULL,
  PRIMARY KEY (`id`)
) ENGINE=MyISAM  DEFAULT CHARSET=latin1 AUTO_INCREMENT=5 ;

--
-- Dumping data for table `tb_campeonato`
--

INSERT INTO `tb_campeonato` (`id`, `nome`, `rodada`, `pais`) VALUES
(1, 'Brasileirão 2014', 25, 'BRA');

-- --------------------------------------------------------

--
-- Table structure for table `tb_gols`
--

CREATE TABLE IF NOT EXISTS `tb_gols` (
  `id` int(11) NOT NULL AUTO_INCREMENT,
  `id_jogo` int(11) NOT NULL,
  `time` int(11) NOT NULL,
  `minuto` int(11) NOT NULL,
  `tempo` int(11) NOT NULL,
  PRIMARY KEY (`id`)
) ENGINE=MyISAM  DEFAULT CHARSET=latin1 AUTO_INCREMENT=580 ;

--
-- Dumping data for table `tb_gols`
--

INSERT INTO `tb_gols` (`id`, `id_jogo`, `time`, `minuto`, `tempo`) VALUES
(1, 1, 1, 30, 1),
(2, 1, 1, 44, 1),
(3, 1, 1, 13, 2),
(4, 2, 1, 5, 1),
(5, 4, 1, 12, 1),
(6, 4, 1, 21, 1),
(7, 4, 1, 10, 2),
(8, 5, 1, 15, 1),
(9, 7, 2, 17, 2),
(10, 7, 1, 35, 2),
(11, 7, 2, 44, 2),
(12, 9, 2, 27, 2),
(13, 9, 1, 34, 2),
(14, 10, 1, 11, 1),
(15, 10, 2, 37, 2),
(16, 10, 2, 42, 2),
(17, 12, 2, 44, 1),
(18, 13, 2, 8, 1),
(19, 13, 2, 35, 1),
(20, 13, 1, 18, 2),
(21, 13, 1, 29, 2),
(22, 14, 1, 10, 1),
(23, 14, 1, 34, 2),
(24, 15, 1, 5, 2),
(25, 15, 2, 46, 2),
(26, 16, 1, 11, 1),
(27, 16, 1, 36, 1),
(28, 16, 2, 33, 2),
(29, 16, 2, 37, 2),
(30, 17, 1, 11, 1),
(31, 17, 2, 36, 1),
(32, 17, 1, 37, 1),
(33, 18, 1, 10, 1),
(34, 18, 1, 21, 1),
(35, 18, 2, 39, 2),
(36, 19, 2, 7, 1),
(37, 19, 2, 29, 2),
(38, 20, 1, 36, 1),
(39, 21, 1, 21, 1),
(40, 21, 2, 30, 1),
(41, 21, 2, 16, 2),
(42, 21, 1, 27, 2),
(43, 23, 1, 23, 1),
(44, 23, 2, 35, 1),
(45, 23, 1, 40, 1),
(46, 23, 2, 29, 2),
(47, 23, 2, 37, 2),
(48, 24, 2, 8, 2),
(49, 24, 2, 37, 2),
(50, 24, 1, 42, 2),
(51, 25, 2, 10, 1),
(52, 25, 1, 13, 1),
(53, 25, 2, 30, 1),
(54, 25, 1, 4, 2),
(55, 25, 1, 14, 2),
(56, 25, 1, 27, 2),
(57, 26, 1, 13, 2),
(58, 27, 1, 12, 1),
(59, 27, 1, 45, 1),
(60, 27, 2, 32, 2),
(61, 28, 1, 13, 1),
(62, 29, 2, 23, 2),
(63, 30, 2, 32, 2),
(64, 31, 1, 15, 1),
(65, 31, 1, 31, 1),
(66, 32, 2, 7, 2),
(67, 32, 1, 9, 2),
(68, 32, 1, 22, 2),
(69, 33, 1, 22, 1),
(70, 33, 1, 6, 2),
(71, 33, 1, 9, 2),
(72, 33, 1, 11, 2),
(73, 33, 1, 27, 2),
(74, 33, 1, 35, 2),
(515, 34, 1, 42, 2),
(514, 34, 1, 10, 1),
(77, 35, 2, 3, 2),
(78, 35, 1, 34, 2),
(79, 36, 2, 37, 1),
(80, 36, 1, 9, 2),
(81, 36, 1, 25, 2),
(82, 37, 2, 30, 1),
(83, 37, 2, 19, 2),
(84, 37, 1, 46, 2),
(85, 38, 2, 40, 2),
(86, 39, 2, 39, 1),
(87, 39, 1, 46, 2),
(88, 40, 2, 43, 1),
(89, 40, 2, 16, 2),
(90, 41, 1, 8, 2),
(91, 41, 1, 24, 2),
(92, 42, 1, 10, 1),
(93, 42, 2, 22, 1),
(94, 42, 1, 45, 1),
(95, 42, 2, 9, 2),
(96, 42, 1, 23, 2),
(97, 43, 2, 22, 1),
(98, 43, 2, 46, 2),
(99, 44, 2, 2, 2),
(100, 45, 1, 24, 2),
(101, 45, 2, 42, 2),
(102, 46, 1, 36, 1),
(103, 47, 1, 37, 1),
(104, 47, 2, 29, 2),
(105, 47, 2, 35, 2),
(106, 48, 2, 4, 2),
(107, 50, 1, 27, 2),
(108, 51, 1, 10, 1),
(109, 51, 2, 46, 2),
(110, 52, 2, 20, 1),
(111, 52, 1, 29, 2),
(112, 53, 1, 5, 2),
(113, 53, 1, 32, 2),
(114, 54, 1, 22, 1),
(115, 55, 2, 26, 1),
(116, 55, 1, 42, 1),
(117, 55, 2, 44, 1),
(118, 55, 1, 7, 2),
(119, 55, 1, 20, 2),
(120, 55, 1, 27, 2),
(121, 55, 1, 30, 2),
(122, 56, 1, 13, 2),
(123, 56, 2, 39, 2),
(124, 57, 2, 5, 1),
(125, 57, 1, 43, 1),
(126, 57, 1, 35, 2),
(127, 58, 1, 36, 1),
(128, 59, 2, 8, 1),
(129, 59, 1, 25, 1),
(130, 59, 2, 38, 1),
(131, 59, 1, 23, 2),
(508, 60, 2, 15, 1),
(507, 60, 1, 45, 2),
(506, 60, 1, 19, 2),
(505, 60, 2, 16, 2),
(504, 60, 2, 12, 1),
(137, 61, 2, 3, 1),
(138, 62, 1, 15, 2),
(139, 63, 2, 19, 1),
(140, 63, 1, 27, 1),
(141, 63, 2, 37, 1),
(142, 63, 2, 9, 2),
(143, 63, 2, 22, 2),
(144, 65, 1, 11, 2),
(145, 65, 1, 13, 2),
(146, 66, 2, 4, 1),
(147, 67, 1, 42, 1),
(148, 67, 2, 23, 2),
(149, 69, 1, 38, 1),
(150, 69, 2, 42, 1),
(151, 69, 2, 24, 2),
(152, 69, 2, 42, 2),
(153, 70, 1, 41, 1),
(154, 70, 1, 1, 2),
(155, 72, 2, 15, 2),
(156, 72, 2, 48, 2),
(157, 73, 1, 12, 2),
(158, 74, 1, 24, 1),
(159, 74, 1, 33, 2),
(160, 76, 1, 22, 2),
(161, 77, 1, 30, 1),
(162, 77, 2, 30, 2),
(163, 77, 1, 44, 2),
(164, 77, 2, 46, 2),
(165, 78, 1, 7, 2),
(166, 78, 1, 19, 2),
(167, 79, 1, 20, 1),
(168, 79, 2, 21, 1),
(169, 80, 2, 16, 2),
(170, 80, 2, 42, 2),
(171, 81, 1, 10, 1),
(172, 81, 2, 33, 2),
(173, 81, 1, 44, 2),
(174, 82, 1, 4, 1),
(175, 82, 1, 14, 1),
(176, 82, 1, 44, 1),
(177, 83, 2, 2, 2),
(178, 84, 1, 16, 1),
(179, 84, 1, 18, 1),
(180, 84, 1, 45, 1),
(181, 86, 1, 8, 2),
(182, 86, 1, 25, 2),
(183, 86, 2, 40, 2),
(184, 87, 1, 23, 1),
(185, 87, 2, 41, 2),
(186, 88, 2, 21, 1),
(187, 88, 1, 30, 1),
(188, 89, 1, 10, 1),
(189, 89, 1, 17, 1),
(190, 90, 2, 47, 1),
(191, 90, 2, 7, 2),
(192, 90, 1, 28, 2),
(193, 90, 2, 47, 2),
(194, 91, 1, 43, 1),
(195, 92, 2, 4, 1),
(196, 92, 2, 23, 2),
(197, 94, 2, 19, 1),
(198, 94, 1, 34, 1),
(199, 94, 2, 15, 2),
(200, 95, 2, 12, 1),
(201, 95, 2, 19, 1),
(202, 96, 1, 39, 1),
(203, 96, 1, 13, 2),
(204, 96, 1, 21, 2),
(205, 96, 2, 38, 2),
(206, 96, 2, 40, 2),
(207, 97, 1, 7, 1),
(208, 97, 1, 9, 1),
(209, 97, 2, 46, 2),
(210, 98, 1, 23, 1),
(211, 98, 1, 23, 2),
(212, 99, 1, 17, 2),
(213, 99, 1, 25, 2),
(214, 99, 1, 30, 2),
(215, 99, 2, 46, 2),
(216, 100, 1, 41, 1),
(217, 100, 2, 47, 2),
(509, 101, 2, 11, 2),
(219, 102, 2, 24, 1),
(220, 102, 1, 20, 2),
(221, 103, 2, 3, 1),
(222, 104, 1, 11, 1),
(223, 105, 2, 7, 1),
(224, 105, 2, 10, 1),
(225, 105, 1, 8, 2),
(226, 107, 1, 15, 1),
(227, 107, 1, 47, 1),
(228, 107, 1, 12, 2),
(229, 107, 1, 32, 2),
(230, 108, 1, 16, 2),
(231, 109, 1, 7, 2),
(232, 109, 1, 13, 2),
(233, 111, 1, 12, 1),
(234, 111, 1, 6, 2),
(235, 111, 1, 34, 2),
(236, 112, 1, 40, 1),
(237, 112, 1, 1, 2),
(238, 112, 1, 4, 2),
(239, 112, 1, 27, 2),
(240, 112, 1, 33, 2),
(241, 113, 2, 18, 1),
(242, 113, 2, 21, 2),
(243, 113, 2, 38, 2),
(244, 113, 1, 44, 2),
(245, 114, 2, 20, 2),
(246, 115, 1, 5, 2),
(247, 115, 1, 23, 2),
(248, 115, 2, 39, 2),
(249, 116, 1, 5, 2),
(250, 116, 1, 46, 2),
(251, 117, 2, 17, 1),
(252, 117, 2, 34, 1),
(253, 117, 2, 20, 2),
(254, 118, 1, 44, 1),
(255, 118, 1, 3, 2),
(256, 118, 2, 31, 2),
(257, 119, 1, 32, 1),
(258, 120, 2, 3, 2),
(259, 120, 1, 12, 2),
(260, 120, 1, 19, 2),
(261, 120, 2, 27, 2),
(262, 120, 2, 48, 2),
(263, 121, 1, 25, 1),
(264, 121, 2, 14, 2),
(265, 122, 1, 28, 1),
(266, 122, 2, 35, 2),
(267, 123, 2, 11, 1),
(268, 123, 1, 14, 2),
(269, 123, 1, 31, 2),
(270, 124, 1, 15, 2),
(271, 124, 2, 17, 2),
(272, 126, 1, 41, 1),
(273, 126, 1, 30, 2),
(274, 126, 1, 38, 2),
(275, 127, 1, 6, 1),
(276, 128, 1, 9, 1),
(277, 128, 1, 19, 1),
(278, 129, 1, 34, 1),
(279, 129, 2, 10, 2),
(280, 129, 1, 30, 2),
(281, 129, 1, 41, 2),
(282, 130, 1, 11, 2),
(283, 131, 1, 30, 1),
(284, 133, 1, 24, 1),
(285, 133, 2, 36, 2),
(286, 134, 1, 39, 2),
(287, 135, 2, 39, 2),
(288, 136, 1, 45, 1),
(289, 136, 1, 47, 2),
(290, 137, 1, 16, 2),
(291, 137, 1, 38, 2),
(292, 138, 1, 16, 1),
(293, 138, 1, 31, 1),
(294, 138, 1, 38, 1),
(295, 138, 2, 47, 1),
(296, 139, 1, 44, 1),
(297, 139, 2, 8, 2),
(298, 139, 1, 42, 2),
(299, 140, 2, 41, 2),
(300, 141, 2, 31, 2),
(301, 142, 2, 35, 1),
(302, 142, 1, 42, 1),
(303, 143, 2, 8, 2),
(304, 143, 1, 15, 2),
(305, 143, 2, 43, 2),
(306, 144, 2, 16, 1),
(307, 145, 1, 14, 1),
(308, 145, 1, 2, 2),
(309, 145, 1, 42, 2),
(310, 147, 1, 10, 1),
(311, 147, 1, 3, 2),
(312, 148, 1, 19, 2),
(313, 148, 1, 22, 2),
(314, 149, 2, 24, 1),
(315, 149, 1, 39, 1),
(316, 150, 2, 7, 1),
(317, 150, 1, 24, 1),
(318, 150, 2, 28, 2),
(319, 150, 1, 46, 2),
(320, 151, 2, 13, 1),
(321, 151, 1, 22, 1),
(322, 151, 1, 32, 1),
(323, 152, 1, 44, 1),
(324, 152, 1, 21, 2),
(325, 153, 1, 2, 1),
(326, 154, 1, 17, 1),
(327, 154, 1, 17, 2),
(328, 156, 2, 9, 1),
(329, 156, 1, 19, 2),
(330, 156, 1, 25, 2),
(331, 157, 2, 35, 1),
(332, 158, 1, 15, 2),
(333, 159, 2, 10, 1),
(334, 159, 1, 22, 1),
(335, 159, 2, 15, 2),
(336, 159, 1, 19, 2),
(337, 159, 1, 32, 2),
(338, 159, 1, 39, 2),
(339, 159, 1, 43, 2),
(340, 160, 1, 40, 2),
(341, 161, 1, 31, 1),
(342, 162, 1, 36, 2),
(343, 163, 1, 13, 1),
(344, 164, 1, 13, 1),
(345, 164, 1, 42, 1),
(346, 164, 1, 4, 2),
(347, 164, 1, 34, 2),
(348, 165, 1, 23, 1),
(349, 165, 2, 40, 2),
(350, 165, 1, 42, 2),
(351, 166, 2, 29, 2),
(352, 167, 1, 1, 2),
(353, 167, 1, 4, 2),
(354, 167, 2, 16, 2),
(355, 168, 2, 32, 2),
(356, 168, 2, 36, 2),
(357, 170, 2, 24, 1),
(358, 171, 2, 9, 1),
(359, 172, 2, 10, 1),
(360, 172, 1, 4, 2),
(361, 172, 1, 6, 2),
(362, 172, 1, 12, 2),
(363, 172, 2, 24, 2),
(364, 172, 1, 25, 2),
(365, 173, 1, 17, 2),
(366, 174, 1, 4, 2),
(367, 174, 1, 6, 2),
(368, 175, 2, 42, 1),
(369, 175, 1, 28, 2),
(370, 177, 1, 2, 2),
(371, 177, 2, 31, 2),
(372, 178, 2, 32, 1),
(373, 178, 1, 39, 1),
(374, 178, 2, 25, 2),
(375, 179, 1, 13, 2),
(376, 180, 1, 29, 1),
(377, 180, 1, 42, 1),
(378, 180, 2, 16, 2),
(379, 180, 1, 38, 2),
(380, 181, 2, 46, 2),
(381, 182, 1, 1, 2),
(382, 182, 1, 6, 2),
(383, 182, 2, 19, 2),
(384, 182, 1, 29, 2),
(385, 184, 2, 14, 1),
(386, 184, 1, 17, 1),
(387, 184, 1, 22, 1),
(388, 184, 2, 44, 1),
(389, 184, 2, 13, 2),
(390, 184, 1, 43, 2),
(391, 185, 1, 7, 1),
(392, 185, 1, 25, 1),
(393, 186, 1, 24, 2),
(394, 188, 1, 29, 1),
(395, 188, 2, 7, 2),
(396, 190, 1, 16, 1),
(397, 190, 1, 34, 1),
(398, 190, 2, 5, 2),
(399, 190, 2, 29, 2),
(400, 190, 2, 30, 2),
(401, 191, 1, 36, 2),
(402, 192, 1, 46, 2),
(403, 193, 1, 38, 1),
(404, 193, 2, 39, 2),
(405, 194, 2, 24, 1),
(406, 194, 1, 40, 1),
(407, 194, 1, 7, 2),
(408, 194, 1, 46, 2),
(409, 195, 1, 1, 1),
(410, 195, 1, 13, 1),
(411, 195, 1, 30, 2),
(412, 196, 2, 7, 1),
(413, 196, 1, 19, 1),
(414, 196, 1, 22, 1),
(415, 196, 2, 36, 1),
(416, 196, 2, 40, 1),
(417, 196, 2, 35, 2),
(418, 197, 1, 7, 1),
(419, 197, 1, 11, 2),
(420, 198, 1, 25, 2),
(421, 199, 1, 13, 1),
(422, 200, 2, 29, 1),
(423, 200, 1, 8, 2),
(424, 200, 1, 25, 2),
(425, 201, 1, 6, 1),
(426, 201, 1, 34, 1),
(427, 201, 1, 17, 2),
(428, 202, 1, 42, 1),
(429, 202, 1, 0, 2),
(430, 202, 2, 37, 2),
(431, 202, 1, 42, 2),
(432, 203, 1, 13, 1),
(433, 203, 1, 38, 1),
(434, 203, 2, 42, 2),
(435, 204, 1, 19, 2),
(436, 205, 1, 35, 1),
(437, 205, 1, 25, 2),
(438, 206, 1, 17, 1),
(439, 206, 1, 23, 1),
(440, 206, 1, 38, 2),
(441, 207, 1, 40, 1),
(442, 207, 1, 13, 2),
(443, 208, 1, 29, 1),
(444, 208, 1, 25, 2),
(445, 210, 1, 17, 2),
(446, 211, 1, 26, 1),
(447, 211, 1, 10, 2),
(513, 212, 1, 30, 2),
(512, 212, 1, 25, 2),
(511, 212, 1, 21, 2),
(510, 212, 2, 18, 1),
(452, 214, 2, 45, 1),
(453, 214, 1, 17, 2),
(454, 215, 1, 30, 1),
(455, 215, 2, 31, 1),
(456, 215, 1, 42, 1),
(457, 215, 2, 28, 2),
(458, 215, 2, 45, 2),
(459, 216, 2, 12, 1),
(460, 216, 2, 31, 1),
(461, 216, 1, 2, 2),
(462, 216, 1, 23, 2),
(463, 217, 2, 46, 1),
(464, 217, 1, 14, 2),
(465, 217, 1, 17, 2),
(466, 217, 1, 40, 2),
(467, 218, 1, 9, 1),
(468, 218, 2, 4, 2),
(469, 219, 2, 17, 1),
(470, 219, 2, 41, 1),
(471, 219, 2, 44, 1),
(472, 219, 1, 33, 2),
(473, 219, 1, 48, 2),
(474, 221, 2, 36, 2),
(475, 222, 2, 36, 1),
(476, 222, 1, 23, 2),
(477, 223, 1, 26, 1),
(478, 223, 2, 44, 1),
(479, 224, 1, 29, 2),
(480, 225, 2, 5, 1),
(481, 225, 1, 35, 1),
(482, 225, 2, 44, 1),
(483, 225, 1, 20, 2),
(484, 225, 1, 28, 2),
(485, 226, 2, 38, 1),
(486, 226, 2, 40, 1),
(487, 226, 1, 46, 1),
(488, 226, 1, 6, 2),
(489, 226, 2, 45, 2),
(490, 227, 2, 5, 1),
(491, 227, 1, 8, 1),
(492, 227, 1, 7, 2),
(493, 228, 1, 39, 1),
(494, 228, 2, 47, 1),
(495, 228, 1, 11, 2),
(496, 228, 1, 43, 2),
(497, 229, 1, 7, 1),
(498, 230, 1, 6, 1),
(499, 230, 1, 11, 1),
(500, 230, 1, 27, 1),
(501, 230, 1, 37, 1),
(502, 230, 1, 3, 2),
(503, 230, 1, 45, 2),
(516, 231, 2, 7, 1),
(517, 231, 2, 38, 1),
(518, 231, 1, 16, 2),
(519, 232, 1, 40, 1),
(520, 232, 1, 2, 2),
(521, 232, 1, 7, 2),
(522, 233, 1, 26, 2),
(523, 234, 1, 9, 1),
(524, 234, 1, 20, 2),
(525, 234, 1, 43, 2),
(526, 236, 1, 16, 1),
(527, 236, 2, 35, 1),
(528, 236, 2, 42, 2),
(529, 236, 1, 45, 2),
(530, 237, 1, 38, 2),
(531, 238, 1, 16, 2),
(532, 239, 1, 25, 1),
(533, 239, 1, 17, 2),
(534, 240, 1, 11, 1),
(535, 240, 1, 8, 2),
(536, 240, 2, 14, 2),
(537, 240, 2, 38, 2),
(538, 240, 1, 23, 1),
(539, 242, 1, 23, 1),
(540, 242, 2, 8, 2),
(541, 243, 2, 7, 2),
(542, 243, 1, 11, 2),
(543, 243, 2, 27, 2),
(544, 243, 2, 45, 2),
(545, 244, 2, 4, 2),
(546, 244, 2, 31, 2),
(547, 245, 1, 41, 1),
(548, 246, 1, 40, 2),
(549, 246, 1, 48, 2),
(550, 247, 1, 17, 1),
(551, 247, 1, 3, 2),
(552, 247, 2, 16, 2),
(553, 248, 1, 13, 1),
(554, 248, 1, 17, 2),
(555, 249, 1, 10, 1),
(556, 249, 2, 15, 1),
(557, 249, 1, 31, 1),
(558, 249, 1, 43, 1),
(559, 249, 2, 18, 2),
(560, 249, 1, 27, 2),
(561, 250, 2, 34, 1),
(562, 250, 1, 31, 2),
(563, 250, 1, 32, 2),
(564, 250, 1, 35, 2);

-- --------------------------------------------------------

--
-- Table structure for table `tb_jogos`
--

CREATE TABLE IF NOT EXISTS `tb_jogos` (
  `id` int(11) NOT NULL AUTO_INCREMENT,
  `casa` int(11) NOT NULL,
  `visitante` int(11) NOT NULL,
  `campeonato` int(11) NOT NULL,
  `data` date NOT NULL,
  `rodada` int(11) NOT NULL,
  PRIMARY KEY (`id`)
) ENGINE=MyISAM  DEFAULT CHARSET=latin1 AUTO_INCREMENT=253 ;

--
-- Dumping data for table `tb_jogos`
--

INSERT INTO `tb_jogos` (`id`, `casa`, `visitante`, `campeonato`, `data`, `rodada`) VALUES
(1, 1, 11, 1, '2014-04-19', 1),
(2, 2, 12, 1, '2014-04-19', 1),
(3, 3, 13, 1, '2014-04-19', 1),
(4, 4, 14, 1, '2014-04-20', 1),
(5, 5, 15, 1, '2014-04-20', 1),
(6, 6, 16, 1, '2014-04-20', 1),
(7, 7, 17, 1, '2014-04-20', 1),
(8, 8, 18, 1, '2014-04-20', 1),
(9, 9, 19, 1, '2014-04-20', 1),
(10, 10, 20, 1, '2014-04-20', 1),
(11, 13, 9, 1, '2014-04-26', 2),
(12, 20, 1, 1, '2014-04-26', 2),
(13, 14, 2, 1, '2014-04-27', 2),
(14, 16, 8, 1, '2014-04-27', 2),
(15, 17, 4, 1, '2014-04-27', 2),
(16, 12, 5, 1, '2014-04-27', 2),
(17, 19, 3, 1, '2014-04-27', 2),
(18, 15, 6, 1, '2014-04-27', 2),
(19, 11, 7, 1, '2014-04-27', 2),
(20, 18, 10, 1, '2014-04-27', 2),
(21, 4, 13, 1, '2014-05-03', 3),
(22, 9, 15, 1, '2014-05-03', 3),
(23, 5, 17, 1, '2014-05-03', 3),
(24, 1, 12, 1, '2014-05-03', 3),
(25, 8, 20, 1, '2014-05-04', 3),
(26, 7, 14, 1, '2014-05-04', 3),
(27, 2, 19, 1, '2014-05-04', 3),
(28, 10, 11, 1, '2014-05-04', 3),
(29, 6, 18, 1, '2014-05-04', 3),
(30, 3, 16, 1, '2014-05-04', 3),
(31, 20, 18, 1, '2014-05-10', 4),
(32, 2, 5, 1, '2014-05-10', 4),
(33, 14, 10, 1, '2014-05-10', 4),
(34, 1, 8, 1, '2014-05-11', 4),
(35, 4, 16, 1, '2014-05-11', 4),
(36, 6, 17, 1, '2014-05-11', 4),
(37, 3, 15, 1, '2014-05-11', 4),
(38, 13, 19, 1, '2014-05-11', 4),
(39, 7, 12, 1, '2014-05-11', 4),
(40, 11, 9, 1, '2014-05-11', 4),
(41, 18, 14, 1, '2014-05-14', 5),
(42, 17, 13, 1, '2014-05-17', 5),
(43, 8, 4, 1, '2014-05-18', 5),
(44, 16, 11, 1, '2014-05-18', 5),
(45, 5, 3, 1, '2014-05-18', 5),
(46, 15, 1, 1, '2014-05-18', 5),
(47, 9, 6, 1, '2014-05-18', 5),
(48, 12, 20, 1, '2014-05-18', 5),
(49, 10, 2, 1, '2014-05-18', 5),
(50, 19, 7, 1, '2014-06-04', 5),
(51, 8, 7, 1, '2014-05-21', 6),
(52, 13, 2, 1, '2014-05-21', 6),
(53, 17, 19, 1, '2014-05-21', 6),
(54, 10, 3, 1, '2014-05-21', 6),
(55, 1, 4, 1, '2014-05-21', 6),
(56, 16, 5, 1, '2014-05-21', 6),
(57, 15, 14, 1, '2014-05-21', 6),
(58, 20, 11, 1, '2014-05-22', 6),
(59, 18, 9, 1, '2014-05-22', 6),
(60, 12, 6, 1, '2014-05-22', 6),
(61, 7, 1, 1, '2014-05-24', 7),
(62, 4, 15, 1, '2014-05-24', 7),
(63, 19, 16, 1, '2014-05-25', 7),
(64, 9, 8, 1, '2014-05-25', 7),
(65, 5, 13, 1, '2014-05-25', 7),
(66, 11, 18, 1, '2014-05-25', 7),
(67, 14, 12, 1, '2014-05-25', 7),
(68, 6, 10, 1, '2014-05-25', 7),
(69, 2, 17, 1, '2014-05-25', 7),
(70, 3, 20, 1, '2014-05-25', 7),
(71, 19, 15, 1, '2014-05-28', 8),
(72, 20, 14, 1, '2014-05-28', 8),
(73, 10, 13, 1, '2014-05-28', 8),
(74, 2, 3, 1, '2014-05-28', 8),
(75, 18, 12, 1, '2014-05-28', 8),
(76, 16, 17, 1, '2014-05-28', 8),
(77, 5, 4, 1, '2014-05-28', 8),
(78, 6, 1, 1, '2014-05-28', 8),
(79, 8, 11, 1, '2014-05-29', 8),
(80, 7, 9, 1, '2014-05-29', 8),
(81, 4, 6, 1, '2014-05-31', 9),
(82, 13, 18, 1, '2014-05-31', 9),
(83, 12, 19, 1, '2014-05-31', 9),
(84, 17, 8, 1, '2014-06-01', 9),
(85, 15, 20, 1, '2014-06-01', 9),
(86, 3, 7, 1, '2014-06-01', 9),
(87, 16, 14, 1, '2014-06-01', 9),
(88, 1, 2, 1, '2014-06-01', 9),
(89, 9, 10, 1, '2014-06-01', 9),
(90, 11, 5, 1, '2014-06-01', 9),
(91, 19, 14, 1, '2014-07-16', 10),
(92, 13, 11, 1, '2014-07-16', 10),
(93, 15, 18, 1, '2014-07-16', 10),
(94, 8, 5, 1, '2014-07-16', 10),
(95, 7, 4, 1, '2014-07-16', 10),
(96, 10, 1, 1, '2014-07-16', 10),
(97, 16, 2, 1, '2014-07-17', 10),
(98, 9, 20, 1, '2014-07-17', 10),
(99, 17, 12, 1, '2014-07-17', 10),
(100, 3, 6, 1, '2014-08-06', 10),
(101, 4, 3, 1, '2014-07-19', 11),
(102, 6, 7, 1, '2014-07-19', 11),
(103, 11, 15, 1, '2014-07-19', 11),
(104, 14, 13, 1, '2014-07-19', 11),
(105, 20, 17, 1, '2014-07-20', 11),
(106, 12, 16, 1, '2014-07-20', 11),
(107, 2, 8, 1, '2014-07-20', 11),
(108, 1, 9, 1, '2014-07-20', 11),
(109, 5, 10, 1, '2014-07-20', 11),
(110, 18, 19, 1, '2014-07-20', 11),
(111, 9, 3, 1, '2014-07-26', 12),
(112, 17, 11, 1, '2014-07-26', 12),
(113, 10, 12, 1, '2014-07-26', 12),
(114, 7, 2, 1, '2014-07-26', 12),
(115, 19, 6, 1, '2014-07-27', 12),
(116, 16, 20, 1, '2014-07-27', 12),
(117, 5, 1, 1, '2014-07-27', 12),
(118, 18, 4, 1, '2014-07-27', 12),
(119, 8, 14, 1, '2014-07-27', 12),
(120, 15, 13, 1, '2014-07-27', 12),
(121, 14, 17, 1, '2014-08-02', 13),
(122, 4, 10, 1, '2014-08-02', 13),
(123, 12, 15, 1, '2014-08-02', 13),
(124, 20, 7, 1, '2014-08-03', 13),
(125, 13, 16, 1, '2014-08-03', 13),
(126, 11, 19, 1, '2014-08-03', 13),
(127, 3, 8, 1, '2014-08-03', 13),
(128, 1, 18, 1, '2014-08-03', 13),
(129, 6, 5, 1, '2014-08-03', 13),
(130, 2, 9, 1, '2014-08-03', 13),
(131, 7, 18, 1, '2014-08-09', 14),
(132, 10, 17, 1, '2014-08-09', 14),
(133, 1, 13, 1, '2014-08-09', 14),
(134, 8, 19, 1, '2014-08-10', 14),
(135, 9, 16, 1, '2014-08-10', 14),
(136, 5, 14, 1, '2014-08-10', 14),
(137, 2, 15, 1, '2014-08-10', 14),
(138, 4, 12, 1, '2014-08-10', 14),
(139, 6, 20, 1, '2014-08-10', 14),
(140, 3, 11, 1, '2014-08-10', 14),
(141, 18, 2, 1, '2014-08-16', 15),
(142, 16, 7, 1, '2014-08-16', 15),
(143, 20, 4, 1, '2014-08-17', 15),
(144, 13, 8, 1, '2014-08-17', 15),
(145, 17, 9, 1, '2014-08-17', 15),
(146, 12, 3, 1, '2014-08-17', 15),
(147, 15, 10, 1, '2014-08-17', 15),
(148, 14, 1, 1, '2014-08-17', 15),
(149, 19, 5, 1, '2014-08-17', 15),
(150, 11, 6, 1, '2014-08-17', 15),
(151, 19, 20, 1, '2014-08-20', 16),
(152, 9, 5, 1, '2014-08-20', 16),
(153, 11, 14, 1, '2014-08-20', 16),
(154, 13, 12, 1, '2014-08-20', 16),
(155, 7, 10, 1, '2014-08-20', 16),
(156, 8, 6, 1, '2014-08-20', 16),
(157, 2, 4, 1, '2014-08-20', 16),
(158, 3, 1, 1, '2014-08-20', 16),
(159, 16, 18, 1, '2014-08-21', 16),
(160, 17, 15, 1, '2014-08-21', 16),
(161, 14, 3, 1, '2014-08-23', 17),
(162, 6, 2, 1, '2014-08-23', 17),
(163, 20, 13, 1, '2014-08-23', 17),
(164, 1, 19, 1, '2014-08-24', 17),
(165, 4, 9, 1, '2014-08-24', 17),
(166, 12, 11, 1, '2014-08-24', 17),
(167, 15, 16, 1, '2014-08-24', 17),
(168, 10, 8, 1, '2014-08-24', 17),
(169, 5, 7, 1, '2014-08-24', 17),
(170, 18, 17, 1, '2014-08-24', 17),
(171, 20, 2, 1, '2014-08-30', 18),
(172, 17, 3, 1, '2014-08-30', 18),
(173, 14, 9, 1, '2014-08-31', 18),
(174, 19, 10, 1, '2014-08-31', 18),
(175, 16, 1, 1, '2014-08-31', 18),
(176, 13, 6, 1, '2014-08-31', 18),
(177, 11, 4, 1, '2014-08-31', 18),
(178, 12, 8, 1, '2014-08-31', 18),
(179, 15, 7, 1, '2014-08-31', 18),
(180, 18, 5, 1, '2014-08-31', 18),
(181, 8, 15, 1, '2014-09-06', 19),
(182, 9, 12, 1, '2014-09-06', 19),
(183, 3, 18, 1, '2014-09-06', 19),
(184, 1, 17, 1, '2014-09-07', 19),
(185, 4, 19, 1, '2014-09-07', 19),
(186, 6, 14, 1, '2014-09-07', 19),
(187, 10, 16, 1, '2014-09-07', 19),
(188, 5, 20, 1, '2014-09-07', 19),
(189, 7, 13, 1, '2014-09-07', 19),
(190, 2, 11, 1, '2014-09-07', 19),
(191, 20, 10, 1, '2014-09-10', 20),
(192, 15, 5, 1, '2014-09-10', 20),
(193, 11, 1, 1, '2014-09-10', 20),
(194, 19, 9, 1, '2014-09-10', 20),
(195, 13, 3, 1, '2014-09-10', 20),
(196, 14, 4, 1, '2014-09-10', 20),
(197, 12, 2, 1, '2014-09-10', 20),
(198, 18, 8, 1, '2014-09-10', 20),
(199, 16, 6, 1, '2014-09-11', 20),
(200, 17, 7, 1, '2014-09-11', 20),
(201, 1, 20, 1, '2014-09-13', 21),
(202, 3, 19, 1, '2014-09-13', 21),
(203, 9, 13, 1, '2014-09-13', 21),
(204, 8, 16, 1, '2014-09-14', 21),
(205, 4, 17, 1, '2014-09-14', 21),
(206, 7, 11, 1, '2014-09-14', 21),
(207, 2, 14, 1, '2014-09-14', 21),
(208, 5, 12, 1, '2014-09-14', 21),
(209, 6, 15, 1, '2014-09-14', 21),
(210, 10, 18, 1, '2014-09-14', 21),
(211, 17, 5, 1, '2014-09-17', 22),
(212, 12, 1, 1, '2014-09-17', 22),
(213, 19, 2, 1, '2014-09-17', 22),
(214, 11, 10, 1, '2014-09-17', 22),
(215, 14, 7, 1, '2014-09-17', 22),
(216, 20, 8, 1, '2014-09-17', 22),
(217, 13, 4, 1, '2014-09-17', 22),
(218, 16, 3, 1, '2014-09-18', 22),
(219, 18, 6, 1, '2014-09-18', 22),
(220, 15, 9, 1, '2014-09-18', 22),
(221, 5, 2, 1, '2014-09-20', 23),
(222, 10, 14, 1, '2014-09-20', 23),
(223, 8, 1, 1, '2014-09-21', 23),
(224, 19, 13, 1, '2014-09-21', 23),
(225, 16, 4, 1, '2014-09-21', 23),
(226, 17, 6, 1, '2014-09-21', 23),
(227, 12, 7, 1, '2014-09-21', 23),
(228, 9, 11, 1, '2014-09-21', 23),
(229, 15, 3, 1, '2014-09-21', 23),
(230, 18, 20, 1, '2014-09-21', 23),
(231, 13, 17, 1, '2014-09-24', 24),
(232, 2, 10, 1, '2014-09-24', 24),
(233, 7, 19, 1, '2014-09-24', 24),
(234, 3, 5, 1, '2014-09-24', 24),
(235, 1, 15, 1, '2014-09-24', 24),
(236, 4, 8, 1, '2014-09-24', 24),
(237, 11, 16, 1, '2014-09-24', 24),
(238, 14, 18, 1, '2014-09-25', 24),
(239, 20, 12, 1, '2014-09-25', 24),
(240, 6, 9, 1, '2014-09-25', 24),
(241, 19, 17, 1, '2014-09-27', 25),
(242, 3, 10, 1, '2014-09-27', 25),
(243, 4, 1, 1, '2014-09-27', 25),
(244, 14, 15, 1, '2014-09-28', 25),
(245, 5, 16, 1, '2014-09-28', 25),
(246, 6, 12, 1, '2014-09-28', 25),
(247, 7, 8, 1, '2014-09-28', 25),
(248, 9, 18, 1, '2014-09-28', 25),
(249, 2, 13, 1, '2014-09-28', 25),
(250, 11, 20, 1, '2014-09-28', 25);

-- --------------------------------------------------------

--
-- Table structure for table `tb_times`
--

CREATE TABLE IF NOT EXISTS `tb_times` (
  `id` int(11) NOT NULL AUTO_INCREMENT,
  `nome` varchar(60) NOT NULL,
  `img` text NOT NULL,
  `campeonato` int(11) NOT NULL,
  PRIMARY KEY (`id`)
) ENGINE=MyISAM  DEFAULT CHARSET=latin1 AUTO_INCREMENT=22 ;

--
-- Dumping data for table `tb_times`
--

INSERT INTO `tb_times` (`id`, `nome`, `img`, `campeonato`) VALUES
(1, 'Fluminense', 'BRA/flu.png', 1),
(2, 'Internacional', 'BRA/int.png', 1),
(3, 'Chapecoense', 'BRA/cha.png', 1),
(4, 'São Paulo', 'BRA/sao.png', 1),
(5, 'Atlético Paranaense', 'BRA/cap.png', 1),
(6, 'Atlético Mineiro', 'BRA/cam.png', 1),
(7, 'Bahia', 'BRA/bah.png', 1),
(8, 'Flamengo', 'BRA/fla.png', 1),
(9, 'Santos', 'BRA/san.png', 1),
(10, 'Cricíuma', 'BRA/cri.png', 1),
(11, 'Figueirense', 'BRA/fig.png', 1),
(12, 'Vitória', 'BRA/vit.png', 1),
(13, 'Coritiba', 'BRA/ctb.png', 1),
(14, 'Botafogo', 'BRA/bot.png', 1),
(15, 'Grêmio', 'BRA/gre.png', 1),
(16, 'Corinthians', 'BRA/cor.png', 1),
(17, 'Cruzeiro', 'BRA/cru.png', 1),
(18, 'Goiás', 'BRA/goi.png', 1),
(19, 'Sport', 'BRA/spo.png', 1),
(20, 'Palmeiras', 'BRA/pal.png', 1);
